{
	"added": "ADDED",
	"apostropheS": "'s",
	"averageStarRating": "Average star rating of this product is",
	"certifiedPreowned": "(AT&T Certified Pre-Owned)",
	"certifiedRestored": "(Certified Restored)",
	"dueMonthly": "Due monthly",
	"dueToday": "Due today",
	"dueTodayWithAsterisk": "due today*",
	"exclamation": "!",
	"flag": {
		"toppick": "Top pick"
	},
	"footerSubtotal": "Subtotal",
	"hylaPromoLegalDetails": "See offer details and terms",
	"inCart": "In cart",
	"keyCode": {
		"space": 32
	},
	"longLegalLinkLabel": "See price details",
	"longLegalModalHeader": "Price details",
	"monthly": "monthly",
	"period": ".",
	"price": {
		"perMonth": "/mo."
	},
	"separator": " | ",
	"today": "Today",
	"upgradeThisDevice": "Upgrade this device now",
	"x": "✕"
}
