{
	"ariaLabel": {
		"addToCart": "Add this product to the cart",
		"information": "Information",
		"warning": "Warning"
	},
	"capacity": "Capacity",
	"color": "Color",
	"commitmentTermLabels": {
		"commitmentTermEveryYear": "AT&T NEXT Every year",
		"commitmentTermInstallment": "Installment Plan",
		"commitmentTermNext": "AT&T NEXT",
		"commitmentTermTwoYear": "2 year",
		"commitmentTermZero": "No Annual Contract"
	},
	"commitmentTermLegalLabels": {
		"commitmentTermEveryYear": "with AT&T Next Every Year<sup>SM</sup>",
		"commitmentTermInstallment": "with an installment plan",
		"commitmentTermNext": "with AT&T Next<sup>&reg;</sup>",
		"commitmentTermTwoYear": "with a 2-year contract",
		"commitmentTermZero": "with no annual contract"
	},
	"selectCapcity": "Select data capacity",
	"selectColor": "Select color",
	"selectSize": "Select size",
	"size": "Size"
}
