{
    "accountHolderforMultipleLine": "Hi, {0}! Which device would you like to upgrade?",
    "accountHolderforSingleLine": "Hi, {0}! Let’s start your upgrade.",
    "accountHolderMessageWithoutFirstName": "Hi, Let’s start your upgrade.",
    "accountHolderWhenMultipleLineIsTrue": "Hi, {0}! Which devices would you like to upgrade?",
    "ineligibleErrorMsg": "This device isn’t eligible to upgrade right now.",
    "moreWaysToUpgrade": "Choose another upgrade option",
    "multiLineDisableErrorMsg": "You'll have to upgrade this device separately from another device you've selected.",
    "singleLineDisableErrorMsg": "You can only upgrade one device at a time.",
    "upgradeEligibilityInformation": "Information",
    "upgradeInWorks": "Upgrade in the works",
    "upgradeMessages": {
        "buyAtFullPrice": "Buy a device at full price",
        "fullEligible": "Ready to upgrade",
        "splitLiability": "This device is ready to upgrade but can’t be upgraded online because of the benefits attached to the phone number. To upgrade, please call 888.444.4410.",
        "tradeIn": "Trade in your device to upgrade",
        "tradeInOff": "Pay off {0} to upgrade early",
        "tradeInUp": "Pay {0} and trade in your device to upgrade early "
    }
}