{
    "upsellGetOffer": "Get an Apple iphone 7 for FREE*",
    "upsellOfferDetails": " Buy an Apple iPhone7, and get one free when you buy both on AT&T Next with monthly eligible wireless(min.1st line $50; 2nd line $20)",
    "upsellOfferTerms": "*Limited title Offer (ends 4/30/2017 in Puerto Ricof). Each req's $750 on installment agmnt & elig.s.Req's a new line. Free after $750 in credits over 30months.Credits start in 2-3bills.If svc cancelled, device balance(Upto $850) due.Taxes, fees & restr's apply.",
    "seeOfferDetails": "See offer details",
    "upsellAddToCart": "Add to cart"
}
