{
	"xpress": {
		"accountOverview": "/olam/passthroughAction.myworld?actionType=Manage",
		"context": "/",
		"defaultDeviceImage": "/shopcms/media/att/2012/shop/wireless/common/prod-noImage-100x160.png",
		"page": {
			"deviceRecommender": "/shop/xpress/device-recommender.html",
			"accessoryServiceRecommender": "/shop/xpress/accessory-service-recommender.html"
		},
		"modal": {
			"deviceConfigurator": "/shop/xpress/modals/device-configurator.html",
			"accessoryConfigurator": "/shop/xpress/modals/accessory-configurator.html",
			"insuranceDetails": "/shop/xpress/modals/insurance-details.html",
			"protectionDetails": "/shop/xpress/modals/protection-details.modal.html",
			"subtotalTooltip": "/shop/xpress/modals/accessory-subtotal-tooltip.modal.html"
		},
		"image": {
			"mobileProtectionShield": "/media/xpress/ui/devices/insuranceShield_blank_large.png",
			"tradeInDevices": "/media/xpress/ui/tradeInDevices_large.png"
		},
		"imageUrl": "/catalog/en/xpress/",

		"mainAppFile": "/shop/xpress/ui/express_sales_static/0.1.0/js/express_sales_static-main.min.js",
		"requireLibrary": "/ui/global_all_cms_common/libs/requirejs/2.1.9/require.js",
		"satelliteHeader": "/scripts/adobe/virtual/detm-container-hdr.js",
		"satelliteFooter": "/scripts/adobe/virtual/detm-container-ftr.js",
		"tealeafLibrary": "/shop/xpress/ui/express_sales_static/0.1.0/js/lib/tealeaf/tealeaf.min.5.2.MobileMyAtt_20170620.js",
		"globalPrefetch": "/shop/xpress/ui/express_sales_static/prefetch/prefetchZippyCccOnly.js",
		"queueClient": "//static.queue-it.net/script/queueclient.min.js",
		"queueLoader": "//static.queue-it.net/script/queueconfigloader.js"
	}
}