{
	"altText": {
		"inCart":"In cart",
		"protectionImage":"Device protection"
		},
	"ariaLabel": {
		"accessory": {
			"addToCart": "Add this accessory to cart",
			"removeFromCart": "Remove this accessory from cart"
		},
		"continueToUpgrade": "Continue to upgrade next line",
		"proceedToCheckout": "Proceed to checkout",
		"protection": {
			"addToCart": "Add this protection feature to cart",
			"continue": "Continue to view legal and add this protection feature to cart",
			"removeFromCart": "Remove this protection feature from cart"
		}
	},
	"deviceProtection": "Device protection",
	"insuranceWarning": "Life happens. Be prepared.",
	"subTitle": "Your new {0} deserves a little something extra.",
	"subTitleNoAccessory": "Here's one way to keep your new {0} safe.",
	"subtotalTooltipTitle": "Subtotal details",
	"subTitleNoAccessoryAndProtection": "Oops! We don’t have any accessories that match your new device.",
	"title": "Enhance & protect your new device"
}

