{
    "addPaymentOption": "Enter payment info",
    "addToCart": "Add to cart",
    "backToMyDevices": "Back to my devices",
    "cancelCta": "Cancel",
    "changePaymentOption": "Change",
    "checkout": "Check out",
    "chooseOptions": "Choose your options",
    "close": "Close",
    "continue": "Continue",
    "continueToUpgrade": "Continue to upgrade",
    "continueUpgrade": "Continue Upgrade",
    "getThisOffer": "Get this offer",
    "goToNextDevice": "Go to next device",
    "noThanks": "No, thanks",
    "outOfStock": "Out of stock",
    "preOrder": "Pre-order",
    "proceedToCheckout": "Proceed to checkout",
    "removeItem": "Remove",
    "seeAccessoryDetails": "Explore the details",
    "seeDetails": "See details",
    "seeDeviceDetails": "Explore the device details",
    "seeOfferDetails": "See offer details",
    "seeOtherDevices": "See other devices",
    "seeOtherPhones": "See other",
    "seePricingOptions": "See other pricing options",
    "showMore": "Show more",
    "skipToCheckout": "Skip to checkout",
    "submitCta": "Submit payment",
    "upgradeLineNow": "upgradeLineNow",
    "updateOptionCta": "Upgrade this device now",
    "updateCart": "Update cart",
    "updatePricing": "Change pricing option",
    "showMoreInsurance": "See more details and other options"
}


