{
    "headings": {
        "afterMonthlyBillCredits": "after monthly bill credits",
        "features": "Features",
        "hylaTradeInOffer": "Trade in for $650 in credit",
        "images": "Images",
        "legal": "Legal",
        "overview": "Overview",
        "qa": "Q & A",
        "rebateCredit": "FREE",
        "reviews": "Reviews"
    },
    "hylaLegalTerms": "Get up to $650 in bill credits when you trade in a qualifying iPhone.",
    "hylaSeeOfferDetails": "See offer details and terms",
    "label": {
        "hylaCheckBoxLabel": "Yes, I'd like to trade in my old device for a credit. Please send me packing materials to mail it back in."
    }
}