{
	"ariaLabel": {
		"showMore": "Show more devices"
	},
	"label": {
		"filter": "Filter by brand",
		"filterByDeviceType": "Filter by device type",
		"clear": "Clear",
		"longLegalLink": "See price details",
		"lowestMonthlyPrice": "Lowest monthly price",
		"pickYourNew": "Pick your new",
		"reviews": "reviews",
		"startingAt": "Starting at",
		"timeForNew": "Choosing a new device",
		"timeForNewAddLine": "Choosing a device",
		"youAreUpgrading": "You're upgrading",
		"youAreAddingLine": "Let’s add a device to"
	}
}
