{
	"outOfStock": {
		"description": "Uh-oh! This item is out of stock."
	},
	"device": {
		"preOrder": {
			"description": "Pre-order today and you'll be one of the first to get this device. Reserve your device now!",
			"title": "Pre-order today!"
		}
	},
	"accessory": {
		"preOrder": {
			"description": "Pre-order today and you'll be one of the first to get this accessory. Reserve your accessory now!",
			"title": "Pre-order today!"
		}
	},
	"preOrder": {
		"description": "Pre-order today and you'll be one of the first to get this device. Reserve your device now!",
		"title": "Pre-order today!"
	},
	"personalizationMsg": {
		"description": "Upgrade right here and get free express shipping or same-day store pickup.",
		"myatt": "",
		"title": "Your new phone is just a few taps away!"
	}
}