{
  "rex": [
    "/rex/recommendation/rexBySku/{0}?exclude=type:removeDuplicateSibling&exclude=flowTypes:up&filter=type:device&filter=type:displayByGrp&profile=DeviceUpgrade&showDisplayContent=true"
  ],
  "express_sales_static": [
    "/shop/xpress/ui/express_sales_static/<%= version %>/js/modules/exBuyflow-tpl.min.js",
    "/shop/xpress/ui/express_sales_static/<%= version %>/js/modules/exCommon-tpl.min.js",
    "/shop/xpress/ui/express_sales_static/<%= version %>/js/modules/exStartup-tpl.min.js",
    "/shop/xpress/ui/express_sales_static/<%= version %>/js/modules/exUpgrade-tpl.min.js",
    "/ui/frameworks/rwd/2017.04/js/jquery/2.1.0/jquery.min.js",
    "/shop/xpress/ui/express_sales_static/<%= version %>/js/lib/angular/angular.min.js",
    "/shop/xpress/ui/express_sales_static/<%= version %>/js/lib/angular-ui-router/release/angular-ui-router.min.js",
    "/ui/global_all_cms_common/libs/angular/1.4.8/angular-cookies.min.js",
    "/ui/global_all_cms_common/libs/angular/1.4.8/angular-touch.min.js",
    "/ui/global_all_cms_common/libs/angular/1.4.8/angular-sanitize.min.js",
    "/ui/global_all_cms_common/libs/angular/1.4.8/angular-animate.min.js",
    "/ui/global_all_cms_common/libs/angular/1.4.8/angular-route.min.js",
    "/ui/global_all_cms_common/libs/angular/1.4.8/angular-messages.min.js",
    "/ui/global_all_cms_common/libs/ocLazyLoad/1.0.9/ocLazyLoad.require.min.js",
    "/ui/frameworks/widget-container-framework/2017.07/js/angular/1.2.5/widget-container-framework.min.js",
    "/ui/global_all_cms_common/libs/communication_lib/1.0.2/communicationAPI.min.js",
    "/ui/frameworks/rwd/2017.04/js/angular/2.1.0/digital-design-library.min.js"
  ],
  "services": [
    "https://www.att.com/shop/xpress/ui/express_sales_static/<%= version %>/js/modules/exStartup-tpl.min.js",
    "https://www.att.com/shop/xpress/ui/express_sales_static/<%= version %>/js/modules/exCommon-tpl.min.js",
    "https://www.att.com/shop/xpress/ui/express_sales_static/<%= version %>/js/modules/exUpgrade-tpl.min.js",
    "https://www.att.com/shop/xpress/ui/express_sales_static/<%= version %>/js/modules/exBuyflow-tpl.min.js",
    "https://www.att.com/shop/xpress/device-recommender.template.html",
    "https://www.att.com/shop/xpress/device-recommender.html",
    "https://www.att.com/shop/xpress/upgrade-eligibility.template.html",
    "https://www.att.com/shop/xpress/upgrade-eligibility.html",
    "https://www.att.com/shop/xpress/accessory-service-recommender.template.html",
    "https://www.att.com/shop/xpress/accessory-service-recommender.html",
    "https://www.att.com/ui/frameworks/rwd/2017.04/js/jquery/2.1.0/jquery.min.js",
    "https://www.att.com/shop/xpress/ui/express_sales_static/<%= version %>/js/lib/angular/angular.min.js",
    "https://www.att.com/shop/xpress/ui/express_sales_static/<%= version %>/js/lib/angular-ui-router/release/angular-ui-router.min.js",
    "https://www.att.com/ui/global_all_cms_common/libs/angular/1.4.8/angular-cookies.min.js",
    "https://www.att.com/ui/global_all_cms_common/libs/angular/1.4.8/angular-touch.min.js",
    "https://www.att.com/ui/global_all_cms_common/libs/angular/1.4.8/angular-sanitize.min.js",
    "https://www.att.com/ui/global_all_cms_common/libs/angular/1.4.8/angular-animate.min.js",
    "https://www.att.com/ui/global_all_cms_common/libs/angular/1.4.8/angular-route.min.js",
    "https://www.att.com/ui/global_all_cms_common/libs/angular/1.4.8/angular-messages.min.js",
    "https://www.att.com/ui/global_all_cms_common/libs/ocLazyLoad/1.0.9/ocLazyLoad.require.min.js",
    "https://www.att.com/ui/frameworks/widget-container-framework/2017.07/js/angular/1.2.5/widget-container-framework.min.js",
    "https://www.att.com/ui/global_all_cms_common/libs/communication_lib/1.0.2/communicationAPI.min.js",
    "https://www.att.com/ui/frameworks/rwd/2017.04/js/angular/2.1.0/digital-design-library.min.js",
    "https://www.att.com/salesui/sales_co_combined-cart/17.11.25/js/misc/sessionmonitor/sessionmonitor.min.js",
    "https://www.att.com/shop/xpress/ui/express_sales_static/<%= version %>/styles/main.min.css",
    "https://www.att.com/shop/xpress/ui/express_sales_static/<%= version %>/js/express_sales_static-main.min.js",
    "https://www.att.com/shop/xpress/ui/express_sales_static/<%= version %>/js/modules/exDeviceConfigWidget-tpl.min.js",
    "https://www.att.com/shop/xpress/ui/express_sales_static/<%= version %>/js/modules/exAccessoryConfigWidget-tpl.min.js",
    "https://www.att.com/shop/xpress/ui/express_sales_static/<%= version %>/js/modules/exPricingWidget-tpl.min.js",
    "https://www.att.com/shop/xpress/ui/express_sales_static/<%= version %>/js/modules/exInsuranceOptionsWidget-tpl.min.js"
  ],
  "sales_co_combined-cart": [
    "/shop/xpress/accessory-service-recommender.template.html",
    "/shop/xpress/accessory-service-recommender.html",
    "/shop/xpress/ui/express_sales_static/<%= version %>/js/modules/exDeviceConfigWidget-tpl.min.js",
    "/shop/xpress/ui/express_sales_static/<%= version %>/js/modules/exAccessoryConfigWidget-tpl.min.js",
    "/shop/xpress/ui/express_sales_static/<%= version %>/js/modules/exPricingWidget-tpl.min.js",
    "/shop/xpress/ui/express_sales_static/<%= version %>/js/modules/exInsuranceOptionsWidget-tpl.min.js"
  ],
  "legacy": [
    "/shopcms/shopetc/att/common/components/page/globalhardrockcombined/clientlib.min.js",
    "/shopcms/shopetc/att/common/components/page/globalhardrockcombined/clientlib.min.css",
    "/shopcms/cellphonelist/clientlib/clientlib.min.css",
    "/shopcms/cellphonelist/clientlib/clientlib.min.js",
    "/shopcms/shopetc/clientlibs/granite/jquery.min.js",
    "/shopcms/shopetc/clientlibs/granite/utils.min.js",
    "/shopcms/shopetc/clientlibs/granite/jquery/granite.min.js",
    "/shopcms/shopetc/clientlibs/granite/underscore.min.js",
    "/shopcms/shopetc/clientlibs/foundation/personalization/kernel.min.js",
    "/shopcms/shopetc/clientlibs/foundation/jquery.min.js",
    "/shopcms/shopetc/clientlibs/foundation/shared.min.js",
    "/scripts/revolution1.1.0/revolution_combined.js",
    "/scripts/goldeneye/scripts/goldeneye.js",
    "/media/cms/shop/scripts/ATT.c2c.min.js",
    "/media/cms/shop/scripts/jquery.mapTouchEvents.js",
    "/media/cms/shop/scripts/jquery-ui-1.8.14.custom.min.js",
    "/media/cms/shop/scripts/checkBuyFlowTypeShown.js",
    "/ui/global_all_cms_globalnav/globalnav-handler/1.0.0/globalnav-handler-async.min.js",
    "/ui/global_all_cms_globalnav/assets/2.0.0/css/global-nav-combined.min.css",
    "/ui/global_all_cms_globalnav/assets/2.0.0/js/aemJS/global-nav-combined.min.js",
    "/ui/global_all_cms_common/libs/angular/1.2.32/angular.min.js",
    "/shop/wireless/devices/cellphones.outofstockskus.html",
    "/shopcms/shopetc/segmentation.segment.js",
    "/shopcms/shopetc/att/common/components/page/globalhardrockcombined/clientlib.min.js",
    "/media/cms/hardrock-angular/ds2/styles/global.min.css",
    "/media/cms/hardrock-angular/ds2/styles/digital-design-library.css",
    "/media/cms/hardrock-angular/ds2/styles/modifiedVersion/ds2-filmstrip.min.css",
    "/media/cms/hardrock-angular/ds2/styles/ds2-accordion.min.css",
    "/media/cms/hardrock-angular/ds2/scripts/modifiedVersion/digital-design-library.min.js",
    "/shopcms/shopetc/att/wireless/components/page/hardrockangular/clientlib.min.js",
    "/media/cms/shop/scripts/accessoryRexScript_v4.js",
    "/media/global-apps/product-viewer.min.js",
    "/media/gvp/gvp-4.pdp.min.js"
  ]
}