{
    "buyAtFullPrice": "Buy a device at full price",
    "monthInstallment": "{0}-month installment plan ends {1}",
    "payOff": "Pay off {0} to upgrade early",
    "payOffWithPrice": "Pay off your AT&T Next<sup class='super'>&reg;</sup> balance to become eligible for an upgrade while keeping your current device",
    "payUpContract": "Pay {0} and trade in your <b> {1} {2} </b> to upgrade early",
    "payUpContractDetails": "Want to trade in the device on your current AT&T Next <sup class='super'>&reg;</sup> installment plan so you can upgrade? Make a single payment on your AT&T Next balance to be eligible for an upgrade. Your device must also be working and in good physical condition to trade it in.",
    "replaceYourDevice": "Replace your lost, stolen, or broken device. Buying a device in full doesn't affect the contract you have now or your upgrade eligibility. You'll need to keep your wireless service while you continue paying the rest of your monthly AT&T Next<sup class='super'>&reg;</sup> installments.",
    "tradeIn": "Trade in your device to upgrade",
    "tradInContract": "Trade in your <b> {0} {1} </b> to upgrade",
    "tradInContractDetails": "Trade in your current AT&T Next <sup class='super'>&reg;</sup> device to be eligible for an upgrade. Your device must be working and in good physical condition to trade it in.",
    "tradeInCurrent": "Trade in your current AT&T Next<sup class='super'>&reg;</sup> device to be eligible for an upgrade. Your device must be working and in good physical condition to trade it in.",
    "tradeInEarly": "Pay {0} and trade in your device to upgrade early",
    "tradeInIneligible":"This device isn’t eligible to trade in.",
    "tradeInOrPayUpIneligible": "The device you’re using with this phone number isn’t eligible to be traded in.",
    "tradeInWithPrice":"Want to trade in and upgrade your device? Make a single payment on your AT&T Next<sup class='super'>&reg;</sup> balance to become eligible for an upgrade. Your device must also be working and in good physical condition to trade it in.",
    "twoYearContract":"Two-year contract ends {0}",
    "upgradeDevice": "Your device is ready to upgrade. You’ll select a new pricing option when you purchase your new device.",
    "upgradeHow": "How do you want to upgrade?"
}