{
    "avoidCharges": "Pack up your trade-in in your new device's box and send it back <b>within 14 days</b> to avoid a charge for your remaining AT&T Next<sup class='super'>&reg;</sup> balance.",
    "contractAvoidCharges": "Pack up your <b> {0} {1} </b> trade-in in your new device's box and send it back <b>within 14 days</b> to avoid a charge for your remaining AT&T Next<sup class='super'>&reg;</sup> balance.",
    "termsAndCondition": "lbl.legalterm.du40",
    "tradeInDeviceCondition": "If your device is working and in good physical condition, you can trade it in. You'll get a prepaid return mailing label and instructions to help you ship back your trade-in.",
    "tradeInToUpgrade": "Trade in to upgrade",
    "upgradeConsentImage": "upgrade trade-in consent image"
}
