{
    "cardDeclinedMsg": "The debit/credit card you provided was declined. For questions, you'll need to contact your card issuer.<br><br>Please enter a different payment method and try again.",
    "details": "Payment method",
    "endingIn": "ending in",
    "errorAlert":"Error/Alert",
    "payOff": "Pay your balance",
    "payOffLegal": "label.contractpay.agreepayoff",
    "payUp": "Pay to upgrade with trade-in",
    "payUpLegal": "legal.return.trade.in.device2",
    "remainingInstallments": "Total of remaining installments",
    "summary": "Payment summary"
}
