{
  "eventmapping": [
    {
      "name": "commonactionparams",
      "params": [
        {
          "name": "property",
          "params": [
          ]
        }
      ]
    },
    {
      "name": "commonpageloadparams",
      "params": [
        {
          "name": "page",
          "params": [
          ]
        },
        {
          "name": "property",
          "params": [
            {
              "appname": "DSUP",
              "dlname": "page.pageInfo.flowCode"
            },
            {
              "appname": "Wireless",
              "dlname": "page.pageInfo.lineOfBusiness"
            },
            {
              "appname": "1",
              "dlname": "page.pageInfo.responsiveWebDesignFlag"
            },
            {
              "appname": "Sales",
              "dlname": "page.category.pageFunction"
            },
            {
              "appname": "Consumer",
              "dlname": "page.category.pageOwnership"
            },
            {
              "appname": "myATT Sales",
              "dlname": "page.category.siteSection"
            },
            {
              "appname": "Wireless",
              "dlname": "page.category.siteSubSection1"
            },
            {
              "appname": "myATTSales",
              "dlname": "page.pageInfo.referralFlow"
            },
            {
              "appname": "Sales Wireless Full Web",
              "dlname": "page.category.applicationName"
            },
            {
              "appname": "T",
              "dlname": "user.account.billingSystem"
            },
            {
              "appname": "Wireless",
              "dlname": "user.account.accountInFocusType"
            },
            {
              "appname": "N",
              "dlname": "page.pageInfo.breadcrumbs"
            },
            {
              "appname": "Mobility",
              "dlname": "user.account.productSegment"
            },
            {
              "appname": "shoplogin",
              "dlname": "user.login.loginSource"
            },
            {
              "appname": "Default",
              "dlname": "user.tech.appVer"
            },
            {
              "appname": "Default",
              "dlname": "user.tech.osVer"
            },
            {
              "appname": "CONS",
              "dlname": "user.account.liabilityType"
            },
            {
              "appname": "WLS~GOODBYE",
              "dlname": "user.account.acctInFocusProductTenureGroup"
            },
            {
              "appname": "GOODBYE",
              "dlname": "user.account.acctInFocusTenureGroup"
            }
          ]
        }
      ]
    },
    {
      "name": "DS_System_Upgrade_Device_Details_Recommend_Display",
      "params": [
        {
          "name": "property",
          "params": [
            {
              "appname": "DSUP",
              "dlname": "page.pageInfo.flowCode"
            },
            {
              "appname": "Devices",
              "dlname": "page.category.siteSubSection2"
            },
            {
              "appname": "Smartphone",
              "dlname": "page.attributes.productCategory"
            },
            {
              "appname": "1",
              "dlname": "successFlag"
            },
            {
              "appname": "0",
              "dlname": "StatusCode"
            },
            {
              "appname": "SUCCESS",
              "dlname": "statusMessage"
            },
            {
              "appname": "Success_Admit",
              "dlname": "errorType"
            }
          ]
        }
      ]
    },
    {
      "name": "DS_Upgrade_Cart_Add_Submit",
      "params": [
        {
          "name": "property",
          "params": [
            {
              "appname": "1",
              "dlname": "successFlag"
            },
            {
              "appname": "0",
              "dlname": "statusCode"
            },
            {
              "appname": "SUCCESS",
              "dlname": "statusMessage"
            },
            {
              "appname": "Success_Admit",
              "dlname": "errorType"
            },
            {
              "appname": "Add to Cart",
              "dlname": "linkName"
            },
            {
              "appname": "Body",
              "dlname": "linkPosition"
            },
            {
              "appname": "/shop/xpress/accessory-service-recommender.html",
              "dlname": "linkDestinationUrl"
            }
          ]
        }
      ]
    },
    {
      "name": "DS_Upgrade_Cart_Preorder_Submit",
      "params": [
        {
            "name": "property",
            "params": [
            {
              "appname": "1",
              "dlname": "successFlag"
            },
            {
              "appname": "0",
              "dlname": "statusCode"
            },
            {
              "appname": "SUCCESS",
              "dlname": "statusMessage"
            },
            {
              "appname": "Success_Admit",
              "dlname": "errorType"
            },
            {
              "appname": "Add to Cart",
              "dlname": "linkName"
            },
            {
              "appname": "Body",
              "dlname": "linkPosition"
            },
            {
              "appname": "/shop/xpress/accessory-service-recommender.html",
              "dlname": "linkDestinationUrl"
            }
          ]
        }
      ]
    },
    {
      "name": "DS_System_Upgrade_Device_Recommend_Display",
      "params": [
        {
          "name": "property",
          "params": [
            {
              "appname": "DSUP",
              "dlname": "page.pageInfo.flowCode"
            },
            {
              "appname": "Devices",
              "dlname": "page.category.siteSubSection2"
            },
            {
              "appname": "Smartphone",
              "dlname": "page.attributes.productCategory"
            },
            {
              "appname": "1",
              "dlname": "successFlag"
            },
            {
              "appname": "0",
              "dlname": "StatusCode"
            },
            {
              "appname": "SUCCESS",
              "dlname": "statusMessage"
            },
            {
              "appname": "Success_Admit",
              "dlname": "errorType"
            },
            {
              "appname": "/shop/xpress/device-recommender.html",
              "dlname": "linkDestinationUrl"
            }
          ]
        }
      ]
    },
    {
      "name": "DS_Upgrade_Proceed_To_Checkout_Submit",
      "params": [
        {
          "name": "property",
          "params": [
            {
              "appname": "Check out",
              "dlname": "linkName"
            },
            {
              "appname": "Body",
              "dlname": "linkPosition"
            },
            {
              "appname": "/cart/onepagecheckoutcart.html",
              "dlname": "linkDestinationUrl"
            },
            {
              "appname": "eCommerce",
              "dlname": "cartType"
            }
          ]
        }
      ]
    },
    {
      "name": "DS_Upgrade_Continue_Submit",
      "params": [
        {
          "name": "property",
          "params": [
            {
              "appname": "Continue",
              "dlname": "linkName"
            },
            {
              "appname": "Body",
              "dlname": "linkPosition"
            },
            {
              "appname": "/shop/xpress/device-recommender.html",
              "dlname": "linkDestinationUrl"
            },
            {
              "appname": "eCommerce",
              "dlname": "cartType"
            }
          ]
        }
      ]
    },
    {
      "name": "DS_System_Upgrade_Eligibility_Displayed",
      "params": [
        {
          "name": "property",
          "params": [
            {
              "appname": "1",
              "dlname": "successFlag"
            },
            {
              "appname": "0",
              "dlname": "StatusCode"
            },
            {
              "appname": "SUCCESS",
              "dlname": "statusMessage"
            },
            {
              "appname": "Success_Admit",
              "dlname": "errorType"
            }
          ]
        }
      ]
    },
    {
      "name": "DS_System_Upgrade_Options_Displayed",
      "params": [
        {
          "name": "property",
          "params": [
            {
              "appname": "DSUP",
              "dlname": "page.pageInfo.flowCode"
            },
            {
              "appname": "1",
              "dlname": "successFlag"
            },
            {
              "appname": "0",
              "dlname": "StatusCode"
            },
            {
              "appname": "SUCCESS",
              "dlname": "statusMessage"
            },
            {
              "appname": "Success_Admit",
              "dlname": "errorType"
            },
            {
              "appname": "DS Upgrade Options Modal Pg",
              "dlname": "page.pageInfo.friendlyPageName"
            },
            {
              "appname": "/shop/xpress/virtual/upgrade-options-modal.html",
              "dlname": "page.location.url"
            }
          ]
        }
      ]
    },
    {
      "name": "DS_Upgrade_Submit",
      "params": [
        {
          "name": "property",
          "params": [
            {
              "appname": "Upgrade Now",
              "dlname": "linkName"
            },
            {
              "appname": "Body",
              "dlname": "linkPosition"
            },
            {
              "appname": "/shop/xpress/device-recommender.html",
              "dlname": "linkDestinationUrl"
            }
          ]
        }
      ]
    },
    {
      "name": "DS_Upgrade_Option_Submit",
      "params": [
        {
          "name": "property",
          "params": [
            {
              "appname": "DSUP",
              "dlname": "page.pageInfo.flowCode"
            },
            {
              "appname": "Upgrade Now",
              "dlname": "linkName"
            },
            {
              "appname": "Body",
              "dlname": "linkPosition"
            },
            {
              "appname": "/shop/xpress/device-recommender.html",
              "dlname": "linkDestinationUrl"
            }
          ]
        }
      ]
    },
    {
      "name": "DS_System_Upgrade_Tradein_Ineligible_Displayed",
      "params": [
        {
          "name": "property",
          "params": [
            {
              "appname": "DSUP",
              "dlname": "page.pageInfo.flowCode"
            },
            {
              "appname": "DS Upgrade Device Ineligible Tradein Pg",
              "dlname": "page.pageInfo.friendlyPageName"
            },
            {
              "appname": "/shop/xpress/virtual/upgrade-ineligible-tradein.html",
              "dlname": "page.location.url"
            }
          ]
        }
      ]
    },
    {
      "name": "DS_Upgrade_Payment_Submit",
      "params": [
        {
          "name": "property",
          "params": [
            {
              "appname": "Submit Payment",
              "dlname": "linkName"
            },
            {
              "appname": "Body",
              "dlname": "linkPosition"
            },
            {
              "appname": "/shop/xpress/upgrade-payment-confirm.html",
              "dlname": "linkDestinationUrl"
            }
          ]
        }
      ]
    },
    {
      "name": "DS_Upgrade_Update_Payment_Info_Submit",
      "params": [
        {
          "name": "property",
          "params": [
            {
              "appname": "DSUP",
              "dlname": "page.pageInfo.flowCode"
            },
            {
              "appname": "/shop/xpress/upgrade-eligibility-payment.html",
              "dlname": "linkDestinationUrl"
            },
            {
              "appname": "Body",
              "dlname": "linkPosition"
            },
            {
              "appname": "Update Payment Info",
              "dlname": "linkName"
            },
            {
              "appname": "/shop/xpress/virtual/upgrade-payto-payup-modal.html",
              "dlname": "page.location.url"
            },
            {
              "appname": "Save Payment Method",
              "dlname": "userResp"
            },
            {
              "appname": "New CC",
              "dlname": "paymentMethod"
            }
          ]
        }
      ]
    },
    {
      "name": "DS_Upgrade_Tradein_Submit",
      "params": [
        {
          "name": "property",
          "params": [
            {
              "appname": "1",
              "dlname": "successFlag"
            },
            {
              "appname": "0",
              "dlname": "statusCode"
            },
            {
              "appname": "SUCCESS",
              "dlname": "statusMessage"
            },
            {
              "appname": "Success_Admit",
              "dlname": "errorType"
            },
            {
              "appname": "Trade in this device and begin upgrade",
              "dlname": "linkName"
            },
            {
              "appname": "Body",
              "dlname": "linkPosition"
            }
          ]
        }
      ]
    }
  ]
}